DATE,Sensex,Nifty 50,Nifty Bank,S&P 500,Nasdaq 100,India 10Y Yield,US 10Y Yield,USD/INR,Gold,Brent Crude,India VIX
2000-01-01,5205.2900390625,,,1394.4599609375,3570.050048828125,,6.666999816894531,,,,
2000-02-01,5447.47021484375,,,1366.4200439453125,4266.93994140625,,6.408999919891357,,,,
2000-03-01,5001.27978515625,,,1498.5799560546875,4397.83984375,,6.0229997634887695,,,,
2000-04-01,4657.5498046875,,,1452.4300537109375,3773.179931640625,,6.214000225067139,,,,
2000-05-01,4433.60986328125,,,1420.5999755859375,3324.080078125,,6.284999847412109,,,,
2000-06-01,4748.77001953125,,,1454.5999755859375,3763.7900390625,,6.01800012588501,,,,
2000-07-01,4279.85986328125,,,1430.8299560546875,3609.35009765625,,6.02899980545044,,,,
2000-08-01,4477.31005859375,,,1517.6800537109375,4077.590087890625,,5.729000091552734,,278.29998779296875,,
2000-09-01,4090.3798828125,,,1436.510009765625,3570.610107421875,,5.777999877929688,,273.6000061035156,,
2000-10-01,3711.02001953125,,,1429.4000244140625,3282.300048828125,,5.756999969482422,,264.8999938964844,,
2000-11-01,3997.989990234375,,,1314.949951171875,2506.5400390625,,5.439000129699707,,270.1000061035156,,
2000-12-01,3972.1201171875,,,1320.280029296875,2341.699951171875,,5.110000133514404,,272.0,,
2001-01-01,4326.72021484375,,,1366.010009765625,2593.0,,5.178999900817871,,265.6000061035156,,
2001-02-01,4247.0400390625,,,1239.93994140625,1908.3199462890625,,4.9079999923706055,,266.79998779296875,,
2001-03-01,3604.3798828125,,,1160.3299560546875,1573.25,,4.914999961853027,,257.8999938964844,,
2001-04-01,3519.159912109375,,,1249.4599609375,1855.1500244140625,,5.3379998207092285,,264.0,,
2001-05-01,3631.909912109375,,,1255.8199462890625,1799.8900146484375,,5.413000106811523,,265.29998779296875,,
2001-06-01,3456.780029296875,,,1224.3800048828125,1830.18994140625,,5.389999866485596,,270.6000061035156,,
2001-07-01,3329.280029296875,,,1211.22998046875,1683.6099853515625,,5.037000179290772,,266.20001220703125,,
2001-08-01,3244.949951171875,,,1133.5799560546875,1469.699951171875,,4.815999984741211,,274.3999938964844,,
2001-09-01,2811.60009765625,,,1040.93994140625,1168.3699951171875,,4.574999809265137,,292.3999938964844,,
2001-10-01,2989.35009765625,,,1059.780029296875,1364.780029296875,,4.263000011444092,,279.5,,
2001-11-01,3287.56005859375,,,1139.449951171875,1596.050048828125,,4.74399995803833,,273.8999938964844,,
2001-12-01,3262.330078125,,,1148.0799560546875,1577.050048828125,,5.0320000648498535,,278.70001220703125,,
2002-01-01,3311.030029296875,,,1130.199951171875,1550.1700439453125,,5.025000095367432,,282.1000061035156,,
2002-02-01,3562.31005859375,,,1106.72998046875,1359.219970703125,,4.859000205993652,,296.70001220703125,,
2002-03-01,3469.35009765625,,,1147.3900146484375,1452.81005859375,,5.406000137329102,,302.6000061035156,,
2002-04-01,3338.159912109375,,,1076.9200439453125,1277.0699462890625,,5.091000080108643,,308.8999938964844,,
2002-05-01,3125.72998046875,,,1067.1400146484375,1208.3399658203125,,5.043000221252441,,326.5,,
2002-06-01,3244.699951171875,,,989.8200073242188,1051.4100341796875,,4.823999881744385,,313.5,,
2002-07-01,2987.64990234375,,,911.6199951171876,962.0999755859376,,4.465000152587891,,303.20001220703125,,
2002-08-01,3181.22998046875,,,916.0700073242188,942.3800048828124,,4.13700008392334,,312.3999938964844,,
2002-09-01,2991.360107421875,,,815.280029296875,832.52001953125,,3.607000112533569,,323.8999938964844,,
2002-10-01,2949.320068359375,,,885.760009765625,989.5399780273438,,3.91100001335144,,318.0,,
2002-11-01,3228.820068359375,,,936.3099975585938,1116.0999755859375,,4.2129998207092285,,316.79998779296875,,
2002-12-01,3377.280029296875,,,879.8200073242188,984.3699951171876,,3.818000078201294,,347.6000061035156,,
2003-01-01,3250.3798828125,,,855.7000122070312,983.0499877929688,,3.974999904632568,,368.2999877929688,,
2003-02-01,3283.659912109375,,,841.1500244140625,1009.739990234375,,3.696000099182129,,350.20001220703125,,
2003-03-01,3048.719970703125,,,848.1799926757812,1018.6599731445312,,3.822999954223633,,335.8999938964844,,
2003-04-01,2959.7900390625,,,916.9199829101562,1106.06005859375,,3.857000112533569,,339.1000061035156,,
2003-05-01,3180.75,,,963.5900268554688,1197.8900146484375,,3.3499999046325684,,364.5,,
2003-06-01,3607.1298828125,,,974.5,1201.68994140625,,3.5280001163482666,,346.0,,
2003-07-01,3792.610107421875,,,990.3099975585938,1276.93994140625,,4.473999977111816,,354.0,,
2003-08-01,4244.72998046875,,,1008.010009765625,1341.199951171875,,4.453999996185303,,375.7000122070313,,
2003-09-01,4453.240234375,,,995.969970703125,1303.699951171875,,3.937000036239624,,385.3999938964844,,
2003-10-01,4906.8701171875,,,1050.7099609375,1416.3900146484375,,4.301000118255615,,384.5,,
2003-11-01,5044.81982421875,,,1058.199951171875,1424.25,,4.320000171661377,,396.7999877929688,,
2003-12-01,5838.9599609375,,,1111.9200439453125,1467.9200439453125,,4.256999969482422,45.52999877929688,415.7000122070313,,
2004-01-01,5695.669921875,,,1131.1300048828125,1493.0799560546875,,4.138000011444092,45.00400161743164,402.2000122070313,,
2004-02-01,5667.509765625,,,1144.93994140625,1470.3800048828125,,3.983999967575073,45.19599914550781,396.3999938964844,,
2004-03-01,5590.60009765625,,,1126.2099609375,1438.4100341796875,,3.836999893188477,43.33399963378906,427.2999877929688,,
2004-04-01,5655.08984375,,,1107.300048828125,1401.3599853515625,,4.500999927520752,44.28400039672852,387.0,,
2004-05-01,4759.6201171875,,,1120.6800537109375,1466.219970703125,,4.65500020980835,45.290000915527344,394.0,,
2004-06-01,4795.4599609375,,,1140.8399658203125,1516.6400146484375,,4.617000102996826,45.88800048828125,392.6000061035156,,
2004-07-01,5170.31982421875,,,1101.719970703125,1400.3900146484375,,4.474999904632568,46.2509994506836,391.0,,
2004-08-01,5192.080078125,,,1104.239990234375,1368.6800537109375,,4.131999969482422,46.27399826049805,410.3999938964844,,
2004-09-01,5583.60986328125,,,1114.5799560546875,1412.739990234375,,4.11899995803833,45.80899810791016,418.7000122070313,,
2004-10-01,5672.27001953125,,,1130.199951171875,1486.719970703125,,4.02899980545044,45.310001373291016,428.5,,
2004-11-01,6234.2900390625,,,1173.8199462890625,1571.5,,4.357999801635742,44.43399810791016,451.2999877929688,,
2004-12-01,6602.68994140625,,,1211.9200439453125,1621.1199951171875,,4.216000080108643,43.30799865722656,437.5,,
2005-01-01,6555.93994140625,,,1181.27001953125,1519.6300048828125,,4.132999897003174,43.65999984741211,421.7999877929688,,
2005-02-01,6713.85986328125,,,1203.5999755859375,1511.02001953125,,4.359000205993652,43.560001373291016,436.5,,
2005-03-01,6492.81982421875,,,1180.5899658203125,1482.530029296875,,4.495999813079834,43.61000061035156,428.7000122070313,,
2005-04-01,6154.43994140625,,,1156.8499755859375,1420.7900390625,,4.201000213623047,43.380001068115234,435.0,,
2005-05-01,6715.10986328125,,,1191.5,1542.6300048828125,,4.00600004196167,43.619998931884766,416.2999877929688,,
2005-06-01,7193.85009765625,,,1191.3299560546875,1493.52001953125,,3.944999933242798,43.459999084472656,435.8999938964844,,
2005-07-01,7635.419921875,,,1234.1800537109375,1605.1400146484375,,4.285999774932861,43.34999847412109,429.8999938964844,,
2005-08-01,7805.43017578125,,,1220.3299560546875,1581.7099609375,,4.019999980926514,43.97999954223633,433.7999877929688,,
2005-09-01,8634.48046875,,,1228.81005859375,1601.6600341796875,,4.328000068664551,43.93000030517578,469.0,,
2005-10-01,7892.31982421875,,,1207.010009765625,1579.1800537109375,,4.559000015258789,45.040000915527344,465.1000061035156,,
2005-11-01,8788.8095703125,,,1249.47998046875,1672.56005859375,,4.5,45.86000061035156,494.6000061035156,,
2005-12-01,9397.9296875,,,1248.2900390625,1645.199951171875,,4.394999980926514,44.970001220703125,517.0999755859375,,
2006-01-01,9919.8896484375,,,1280.0799560546875,1710.75,,4.526999950408936,43.900001525878906,570.7999877929688,,
2006-02-01,10370.240234375,,,1280.6600341796875,1670.5699462890625,,4.546999931335449,44.25,561.5999755859375,,
2006-03-01,11279.9599609375,,,1294.8699951171875,1703.6600341796875,,4.853000164031982,44.52799987792969,581.7999877929688,,
2006-04-01,11851.9296875,,,1310.6099853515625,1700.7099609375,,5.068999767303467,44.9010009765625,651.7999877929688,,
2006-05-01,10398.6103515625,,,1270.0899658203125,1579.5799560546875,,5.11299991607666,46.15999984741211,642.5,,
2006-06-01,10609.25,,,1270.199951171875,1575.22998046875,,5.138000011444092,45.80500030517578,613.5,,
2006-07-01,10743.8798828125,,,1276.6600341796875,1509.4300537109375,,4.98799991607666,46.41999816894531,634.2000122070312,,
2006-08-01,11699.0498046875,,,1303.8199462890625,1579.72998046875,,4.73199987411499,46.47600173950195,625.9000244140625,,
2006-09-01,12454.419921875,,,1335.8499755859375,1654.1300048828125,,4.632999897003174,45.71500015258789,598.5999755859375,,
2006-10-01,12961.900390625,,,1377.93994140625,1732.5400390625,,4.605999946594238,44.834999084472656,604.0999755859375,,
2006-11-01,13696.3095703125,,,1400.6300048828125,1791.25,,4.458000183105469,44.55099868774414,646.9000244140625,,
2006-12-01,13786.91015625,,,1418.300048828125,1756.9000244140625,,4.710000038146973,44.040000915527344,635.2000122070312,,
2007-01-01,14090.919921875,,,1438.239990234375,1792.280029296875,,4.826000213623047,44.005001068115234,652.0,,
2007-02-01,12938.08984375,,,1406.8199462890625,1761.5999755859375,,4.550000190734863,44.01599884033203,669.4000244140625,,
2007-03-01,13072.099609375,,,1420.8599853515625,1772.3599853515625,,4.6479997634887695,43.04499816894531,663.0,,
2007-04-01,13872.3701171875,,,1482.3699951171875,1867.75,,4.630000114440918,40.96900177001953,680.5,,
2007-05-01,14544.4599609375,,,1530.6199951171875,1928.18994140625,,4.889999866485596,40.54600143432617,661.0,,
2007-06-01,14650.509765625,,,1503.3499755859375,1934.0999755859373,,5.0329999923706055,40.52999877929688,648.0999755859375,,
2007-07-01,15550.990234375,,,1455.27001953125,1932.06005859375,,4.770999908447266,40.39799880981445,666.9000244140625,77.05000305175781,
2007-08-01,15318.599609375,,,1473.989990234375,1988.72998046875,,4.537000179290772,40.57500076293945,673.0,72.69000244140625,
2007-09-01,17291.099609375,5021.35009765625,8042.10693359375,1526.75,2091.110107421875,,4.578999996185303,39.57500076293945,742.7999877929688,79.16999816894531,
2007-10-01,19837.990234375,5900.64990234375,9013.0458984375,1549.3800048828125,2238.97998046875,,4.474999904632568,39.17399978637695,792.0,90.62999725341795,
2007-11-01,19363.189453125,5762.75,9375.640625,1481.1400146484375,2089.10009765625,,3.971999883651733,39.45500183105469,782.2000122070312,88.26000213623047,
2007-12-01,20286.990234375,6138.60009765625,9863.3359375,1468.3599853515625,2084.929931640625,,4.034999847412109,39.244998931884766,834.9000244140625,93.8499984741211,
2008-01-01,17648.7109375,5137.4501953125,9226.142578125,1378.550048828125,1841.4200439453125,,3.638999938964844,39.31399917602539,922.7000122070312,92.20999908447266,
2008-02-01,17578.720703125,5223.5,8688.2490234375,1330.6300048828125,1745.27001953125,,3.5339999198913574,39.90999984741211,972.0999755859376,100.0999984741211,
2008-03-01,15644.4404296875,4734.5,6654.9228515625,1322.699951171875,1781.9300537109375,,3.431999921798706,39.88899993896485,916.2000122070312,100.3000030517578,35.13999938964844
2008-04-01,17287.310546875,5165.89990234375,7628.9111328125,1385.5899658203125,1917.699951171875,,3.759000062942505,40.38600158691406,862.7999877929688,111.36000061035156,26.15999984741211
2008-05-01,16415.5703125,4870.10009765625,6584.2734375,1400.3800048828125,2032.5699462890625,,4.046000003814697,42.53099822998047,887.2999877929688,127.77999877929688,26.68000030517578
2008-06-01,13461.599609375,4040.550048828125,5026.9912109375,1280.0,1837.0899658203125,,3.9790000915527344,42.85200119018555,926.2000122070312,139.8300018310547,30.959999084472656
2008-07-01,14355.75,4332.9501953125,5729.9833984375,1267.3800048828125,1849.1500244140625,,3.9790000915527344,42.43399810791016,913.9000244140624,123.9800033569336,39.060001373291016
2008-08-01,14564.5302734375,4360.0,6101.97900390625,1282.8299560546875,1872.5400390625,,3.812999963760376,43.625,829.2999877929688,114.0500030517578,31.670000076293945
2008-09-01,12860.4296875,3921.199951171875,5803.482421875,1166.3599853515625,1594.6300048828125,,3.82699990272522,46.60100173950195,874.2000122070312,98.16999816894533,37.18999862670898
2008-10-01,9788.0595703125,2885.60009765625,4521.6474609375,968.75,1334.780029296875,,3.9700000286102295,49.40299987792969,716.7999877929688,65.31999969482422,68.3499984741211
2008-11-01,9092.7197265625,2755.10009765625,4291.10009765625,896.239990234375,1185.75,,2.9570000171661377,49.869998931884766,816.2000122070312,53.4900016784668,57.43999862670898
2008-12-01,9647.3095703125,2959.14990234375,5001.49169921875,903.25,1211.6500244140625,,2.24399995803833,48.06499862670898,883.5999755859375,45.59000015258789,43.09000015258789
2009-01-01,9424.240234375,2874.800048828125,4456.498046875,825.8800048828125,1180.25,,2.844000101089477,48.733001708984375,927.2999877929688,45.880001068115234,42.09999847412109
2009-02-01,8891.6103515625,2763.64990234375,3892.354736328125,735.0900268554688,1116.989990234375,,3.0409998893737797,50.650001525878906,941.5,47.20000076293945,40.61000061035156
2009-03-01,9708.5,3020.949951171875,4133.15234375,797.8699951171875,1237.010009765625,,2.684999942779541,50.78400039672852,922.5999755859376,49.22999954223633,39.47999954223633
2009-04-01,11403.25,3473.949951171875,5130.890625,872.8099975585938,1394.3299560546875,,3.124000072479248,49.1879997253418,890.7000122070312,51.959999084472656,46.630001068115234
2009-05-01,14625.25,4448.9501953125,7414.26416015625,919.1400146484376,1435.5699462890625,,3.4649999141693115,46.96900177001953,978.7999877929688,65.5199966430664,40.29999923706055
2009-06-01,14493.83984375,4291.10009765625,7338.7646484375,919.3200073242188,1477.25,,3.5230000019073486,47.80099868774414,927.0999755859376,69.30000305175781,42.540000915527344
2009-07-01,15670.3095703125,4636.4501953125,7544.412109375,987.47998046875,1603.3599853515625,,3.500999927520752,47.6259994506836,953.7000122070312,71.69999694824219,39.209999084472656
2009-08-01,15666.6396484375,4662.10009765625,7431.5634765625,1020.6199951171876,1625.18994140625,,3.401000022888184,48.75,951.7000122070312,69.6500015258789,34.5099983215332
2009-09-01,17126.83984375,5083.9501953125,8812.2470703125,1057.0799560546875,1718.989990234375,,3.306999921798706,47.810001373291016,1008.0,69.06999969482422,25.270000457763672
2009-10-01,15896.2802734375,4711.7001953125,8438.501953125,1036.18994140625,1667.1300048828125,,3.3919999599456787,46.917999267578125,1039.699951171875,75.19999694824219,25.38999938964844
2009-11-01,16926.220703125,5032.7001953125,9046.8447265625,1095.6300048828125,1767.4300537109375,,3.200999975204468,46.45800018310547,1181.0999755859375,78.47000122070312,27.559999465942383
2009-12-01,17464.810546875,5201.0498046875,9029.3955078125,1115.0999755859375,1860.31005859375,,3.8429999351501465,46.400001525878906,1095.199951171875,77.93000030517578,23.34000015258789
2010-01-01,16357.9599609375,4882.0498046875,8651.44921875,1073.8699951171875,1741.0400390625,,3.608999967575073,46.09799957275391,1083.0,71.45999908447266,26.1299991607666
2010-02-01,16429.55078125,4922.2998046875,8722.6484375,1104.489990234375,1818.6800537109373,,3.595000028610229,45.900001525878906,1118.300048828125,77.58999633789062,24.020000457763672
2010-03-01,17527.76953125,5249.10009765625,9459.4892578125,1169.4300537109375,1958.3399658203125,,3.8329999446868896,44.79999923706055,1113.300048828125,82.69999694824219,19.8700008392334
2010-04-01,17558.7109375,5278.0,9870.2353515625,1186.68994140625,2000.6300048828125,,3.663000106811523,44.25,1180.0999755859375,87.44000244140625,20.350000381469727
2010-05-01,16944.630859375,5086.2998046875,9363.591796875,1089.4100341796875,1852.3900146484373,,3.3010001182556152,46.358001708984375,1212.199951171875,74.0199966430664,26.43000030517578
2010-06-01,17700.900390625,5312.5,9464.4892578125,1030.7099609375,1739.1400146484375,,2.950999975204468,46.400001525878906,1245.5,75.01000213623047,20.06999969482422
2010-07-01,17868.2890625,5367.60009765625,10160.8818359375,1101.5999755859375,1864.0,,2.907000064849853,46.36000061035156,1181.699951171875,78.18000030517578,18.940000534057617
2010-08-01,17971.119140625,5402.39990234375,10746.224609375,1049.3299560546875,1767.4300537109375,,2.476999998092652,46.87300109863281,1248.300048828125,74.63999938964844,18.46999931335449
2010-09-01,20069.119140625,6029.9501953125,12366.2060546875,1141.199951171875,1998.0400390625,,2.5169999599456787,44.68999862670898,1307.800048828125,82.30999755859375,22.25
2010-10-01,20032.33984375,6017.7001953125,12330.6064453125,1183.260009765625,2124.449951171875,,2.611999988555908,44.41999816894531,1357.0999755859375,83.1500015258789,20.76000022888184
2010-11-01,19521.25,5862.7001953125,11952.4609375,1180.550048828125,2117.330078125,,2.796999931335449,45.79999923706055,1385.0,85.91999816894531,20.709999084472656
2010-12-01,20509.08984375,6134.5,11791.3134765625,1257.6400146484375,2217.860107421875,,3.305000066757202,44.810001373291016,1421.0999755859375,94.75,16.559999465942383
2011-01-01,18327.759765625,5505.89990234375,10641.7255859375,1286.1199951171875,2281.909912109375,,3.378000020980835,45.8380012512207,1333.800048828125,101.01000213623048,23.40999984741211
2011-02-01,17823.400390625,5333.25,10435.228515625,1327.219970703125,2350.989990234375,,3.4140000343322754,45.25,1409.300048828125,111.8000030517578,24.399999618530277
2011-03-01,19445.220703125,5833.75,11705.314453125,1325.8299560546875,2338.989990234375,,3.4539999961853027,44.61000061035156,1438.9000244140625,117.36000061035156,22.18000030517578
2011-04-01,19135.9609375,5749.5,11483.6162109375,1363.6099853515625,2404.080078125,,3.2960000038146973,44.29999923706055,1556.0,125.88999938964844,19.57999992370605
2011-05-01,18503.279296875,5473.10009765625,11020.7216796875,1345.199951171875,2372.5400390625,,3.049999952316284,45.08300018310547,1535.9000244140625,116.7300033569336,16.81999969482422
2011-06-01,18845.869140625,5647.39990234375,11244.51953125,1320.6400146484375,2325.070068359375,,3.157999992370605,44.7599983215332,1502.300048828125,112.4800033569336,18.40999984741211
2011-07-01,18197.19921875,5482.0,10893.5234375,1292.280029296875,2362.81005859375,,2.805000066757202,44.0099983215332,1628.300048828125,116.73999786376952,19.770000457763672
2011-08-01,16676.75,5001.0,9533.2900390625,1218.8900146484375,2241.010009765625,,2.2179999351501465,45.93999862670898,1828.5,114.8499984741211,24.8799991607666
2011-09-01,16453.759765625,4943.25,9468.189453125,1131.4200439453125,2139.179931640625,,1.924000024795532,48.86000061035156,1620.4000244140625,102.76000213623048,31.940000534057617
2011-10-01,17705.009765625,5326.60009765625,9989.5341796875,1253.300048828125,2360.080078125,,2.174999952316284,48.62799835205078,1724.199951171875,109.55999755859376,22.65999984741211
2011-11-01,16123.4599609375,4832.0498046875,8564.0,1246.9599609375,2295.199951171875,,2.068000078201294,51.90299987792969,1745.5,110.81999969482422,26.549999237060547
2011-12-01,15454.919921875,4624.2998046875,7968.55712890625,1257.5999755859375,2277.830078125,8.56,1.871000051498413,53.0,1565.800048828125,107.37999725341795,27.11000061035156
2012-01-01,17193.55078125,5199.25,9919.3349609375,1312.4100341796875,2467.949951171875,8.235,1.7990000247955322,52.49300003051758,1737.800048828125,110.9800033569336,22.65999984741211
2012-02-01,17752.6796875,5385.2001953125,10414.0791015625,1365.6800537109375,2623.10009765625,8.1925,1.9769999980926516,49.06800079345703,1709.9000244140625,122.66000366210938,26.93000030517578
2012-03-01,17404.19921875,5295.5498046875,10212.630859375,1408.469970703125,2755.27001953125,8.374,2.2160000801086426,51.3380012512207,1669.300048828125,122.87999725341795,22.3799991607666
2012-04-01,17318.810546875,5248.14990234375,10276.6806640625,1397.9100341796875,2723.679931640625,8.5875,1.9149999618530276,52.53799819946289,1663.4000244140625,119.47000122070312,17.81999969482422
2012-05-01,16218.5302734375,4924.25,9440.890625,1310.3299560546875,2524.8701171875,8.565,1.5809999704360962,56.22800064086914,1562.5999755859375,101.87000274658205,25.25
2012-06-01,17429.98046875,5278.89990234375,10340.5302734375,1362.1600341796875,2615.719970703125,8.204,1.659000039100647,56.79800033569336,1603.5,97.8000030517578,19.07999992370605
2012-07-01,17236.1796875,5229.0,10383.978515625,1379.3199462890625,2642.530029296875,8.09666666666667,1.4919999837875366,55.42300033569336,1610.5,104.91999816894533,16.010000228881836
2012-08-01,17380.75,5258.5,9990.3837890625,1406.5799560546875,2772.239990234375,8.196,1.562000036239624,55.62799835205078,1684.5999755859375,114.56999969482422,17.299999237060547
2012-09-01,18762.740234375,5703.2998046875,11456.6669921875,1440.6700439453125,2799.18994140625,8.175,1.6369999647140503,53.007999420166016,1771.0999755859375,112.38999938964844,16.15999984741211
2012-10-01,18505.380859375,5619.7001953125,11268.6689453125,1412.1600341796875,2647.919921875,8.1475,1.6859999895095823,53.95800018310547,1717.5,108.6999969482422,14.399999618530272
2012-11-01,19339.900390625,5879.85009765625,12158.7587890625,1416.1800537109375,2677.8798828125,8.20254,1.6059999465942385,54.8380012512207,1710.9000244140625,111.2300033569336,15.149999618530272
2012-12-01,19426.7109375,5905.10009765625,12474.10546875,1426.18994140625,2660.929931640625,8.1375,1.75600004196167,54.75299835205078,1674.800048828125,111.11000061035156,14.949999809265137
2013-01-01,19894.98046875,6034.75,12708.4521484375,1498.1099853515625,2731.530029296875,7.8725,1.9850000143051147,53.303001403808594,1660.5999755859375,115.5500030517578,14.130000114440918
2013-02-01,18861.5390625,5693.0498046875,11487.2158203125,1514.6800537109375,2738.580078125,7.8375,1.888000011444092,53.858001708984375,1577.699951171875,111.37999725341795,14.859999656677246
2013-03-01,18835.76953125,5682.5498046875,11361.7177734375,1569.18994140625,2818.68994140625,7.91,1.8519999980926516,54.38800048828125,1594.800048828125,110.0199966430664,15.220000267028809
2013-04-01,19504.1796875,5930.2001953125,12561.4033203125,1597.5699462890625,2887.43994140625,7.83,1.6749999523162842,54.22800064086914,1472.199951171875,102.37000274658205,15.100000381469728
2013-05-01,19760.30078125,5985.9501953125,12475.505859375,1630.739990234375,2981.760009765625,7.502,2.1640000343322754,56.37799835205078,1392.5999755859375,100.38999938964844,16.989999771118164
2013-06-01,19395.810546875,5842.2001953125,11617.115234375,1606.280029296875,2909.60009765625,7.40215,2.4779999256134038,60.1879997253418,1223.800048828125,102.16000366210938,17.950000762939453
2013-07-01,19345.69921875,5742.0,10015.6337890625,1685.72998046875,3090.18994140625,7.724375,2.5929999351501465,60.80799865722656,1312.4000244140625,107.6999969482422,18.770000457763672
2013-08-01,18619.720703125,5471.7998046875,9049.0947265625,1632.969970703125,3073.81005859375,8.328,2.749000072479248,67.38999938964844,1396.0999755859375,114.01000213623048,27.809999465942383
2013-09-01,19379.76953125,5735.2998046875,9617.6884765625,1681.550048828125,3218.199951171875,8.6025,2.615000009536743,62.90999984741211,1326.5,108.37000274658205,26.649999618530277
2013-10-01,21164.51953125,6299.14990234375,11473.0166015625,1756.5400390625,3377.72998046875,8.5725,2.5420000553131104,61.31999969482422,1323.5999755859375,108.83999633789062,18.38999938964844
2013-11-01,20791.9296875,6176.10009765625,11153.8203125,1805.81005859375,3487.820068359375,8.86304,2.740999937057495,62.41299819946289,1250.5999755859375,109.69000244140624,21.3799991607666
2013-12-01,21170.6796875,6304.0,11385.1171875,1848.3599853515625,3592.0,8.87536825,3.026000022888184,61.77999877929688,1201.9000244140625,110.8000030517578,15.119999885559082
2014-01-01,20513.849609375,6089.5,10237.630859375,1782.5899658203125,3521.919921875,8.76454,2.6679999828338623,62.310001373291016,1240.0999755859375,106.4000015258789,16.81999969482422
2014-02-01,21120.119140625,6276.9501953125,10764.5751953125,1859.449951171875,3696.10009765625,8.8125,2.657999992370605,62.02000045776367,1321.4000244140625,109.06999969482422,14.18000030517578
2014-03-01,22386.26953125,6704.2001953125,12741.9013671875,1872.3399658203125,3595.739990234375,8.8375,2.7230000495910645,59.84000015258789,1283.4000244140625,107.76000213623048,21.6200008392334
2014-04-01,22417.80078125,6696.39990234375,12855.7001953125,1883.949951171875,3582.02001953125,8.9875,2.6480000019073486,60.417999267578125,1295.5999755859375,108.06999969482422,30.59000015258789
2014-05-01,24217.33984375,7229.9501953125,14793.228515625,1923.5699462890625,3736.820068359375,8.75292,2.4570000171661377,58.900001525878906,1245.5999755859375,109.41000366210938,16.34000015258789
2014-06-01,25413.779296875,7611.35009765625,15241.7236328125,1960.22998046875,3849.47998046875,8.6336,2.5160000324249268,60.03799819946289,1321.800048828125,112.36000061035156,17.8700008392334
2014-07-01,25894.970703125,7721.2998046875,15267.421875,1930.6700439453125,3892.5,8.6559,2.555999994277954,60.25,1281.300048828125,106.0199966430664,13.81999969482422
2014-08-01,26638.109375,7954.35009765625,15740.2177734375,2003.3699951171875,4082.56005859375,8.56064,2.3429999351501465,60.61000061035156,1285.800048828125,103.19000244140624,13.06999969482422
2014-09-01,26630.509765625,7964.7998046875,15392.0712890625,1972.2900390625,4049.449951171875,8.49115,2.507999897003174,61.553001403808594,1210.5,94.66999816894533,13.149999618530272
2014-10-01,27865.830078125,8322.2001953125,17044.853515625,2018.050048828125,4158.2099609375,8.40188,2.3350000381469727,61.43299865722656,1171.0999755859375,85.86000061035156,13.300000190734863
2014-11-01,28693.990234375,8588.25,18512.935546875,2067.56005859375,4337.7900390625,8.18685,2.194000005722046,61.85300064086914,1175.199951171875,70.1500015258789,12.899999618530272
2014-12-01,27499.419921875,8282.7001953125,18736.431640625,2058.89990234375,4236.27978515625,7.955925,2.1700000762939453,63.37799835205078,1183.9000244140625,57.33000183105469,15.119999885559082
2015-01-01,29182.94921875,8808.900390625,19843.51953125,1994.989990234375,4148.43017578125,7.79366,1.6749999523162842,61.79600143432617,1278.5,52.9900016784668,20.170000076293945
2015-02-01,29220.119140625,8844.599609375,19074.328125,2104.5,4440.669921875,7.7342,2.002000093460083,61.75400161743164,1212.5999755859375,62.58000183105469,19.56999969482422
2015-03-01,27957.490234375,8491.0,18206.439453125,2067.889892578125,4333.68994140625,7.8208,1.934000015258789,62.50899887084961,1183.0999755859375,55.11000061035156,14.489999771118164
2015-04-01,27011.310546875,8181.5,18337.88671875,2085.510009765625,4414.25,7.83696666666667,2.0460000038146973,63.44200134277344,1182.4000244140625,66.77999877929688,17.229999542236328
2015-05-01,27828.439453125,8433.650390625,18721.1328125,2107.389892578125,4508.25,7.85218,2.095000028610229,63.82500076293945,1189.4000244140625,65.55999755859375,16.65999984741211
2015-06-01,27780.830078125,8368.5,18295.88671875,2063.110107421875,4396.759765625,7.805225,2.3350000381469727,63.7239990234375,1171.5,63.59000015258789,16.93000030517578
2015-07-01,28114.560546875,8532.849609375,18729.6328125,2103.840087890625,4588.91015625,7.81692,2.2049999237060547,64.11799621582031,1094.9000244140625,52.209999084472656,14.56999969482422
2015-08-01,26283.08984375,7971.2998046875,17146.3515625,1972.1800537109373,4274.580078125,7.785975,2.200000047683716,66.14299774169922,1131.5999755859375,54.150001525878906,24.600000381469727
2015-09-01,26154.830078125,7948.89990234375,17216.1015625,1920.030029296875,4181.06005859375,7.73205,2.059999942779541,65.91999816894531,1115.5,48.369998931884766,19.6299991607666
2015-10-01,26656.830078125,8065.7998046875,17354.298828125,2079.360107421875,4648.830078125,7.5969,2.151000022888184,65.44400024414062,1141.5,49.560001373291016,17.8799991607666
2015-11-01,26145.669921875,7935.25,17430.197265625,2080.409912109375,4664.509765625,7.7452,2.2179999351501465,66.9000015258789,1065.800048828125,44.61000061035156,16.43000030517578
2015-12-01,26117.5390625,7946.35009765625,16922.001953125,2043.93994140625,4593.27001953125,7.791575,2.2690000534057617,66.45500183105469,1060.300048828125,37.27999877929688,13.869999885559082
2016-01-01,24870.689453125,7563.5498046875,15522.2197265625,1940.239990234375,4279.169921875,7.66876,1.930999994277954,68.09300231933594,1116.4000244140625,34.7400016784668,17.239999771118164
2016-02-01,23002.0,6987.0498046875,13946.23828125,1932.22998046875,4201.1201171875,7.720025,1.7400000095367432,68.7300033569336,1233.9000244140625,35.970001220703125,20.15999984741211
2016-03-01,25341.859375,7738.39990234375,16141.462890625,2059.739990234375,4483.66015625,7.584775,1.7860000133514404,66.36799621582031,1234.199951171875,39.59999847412109,16.579999923706055
2016-04-01,25606.619140625,7849.7998046875,16794.8046875,2065.300048828125,4341.2998046875,7.43606,1.819000005722046,66.43800354003906,1289.199951171875,48.130001068115234,16.540000915527344
2016-05-01,26667.9609375,8160.10009765625,17620.6953125,2096.949951171875,4523.89013671875,7.2793,1.8339999914169312,67.13300323486328,1214.800048828125,49.68999862670898,16.049999237060547
2016-06-01,26999.720703125,8287.75,17935.19140625,2098.860107421875,4417.7001953125,7.502625,1.4880000352859497,67.41600036621094,1318.4000244140625,49.68000030517578,16.290000915527344
2016-07-01,28051.859375,8638.5,18952.9296875,2173.60009765625,4730.22998046875,7.35092,1.4579999446868896,67.00700378417969,1349.0,42.459999084472656,14.920000076293944
2016-08-01,28452.169921875,8786.2001953125,19787.369140625,2170.949951171875,4771.0498046875,7.14185,1.5679999589920044,67.12660217285156,1306.9000244140625,47.040000915527344,13.239999771118164
2016-09-01,27865.9609375,8611.150390625,19285.474609375,2168.27001953125,4875.7001953125,6.86438,1.6080000400543213,66.81629943847656,1313.300048828125,49.060001373291016,17.18000030517578
2016-10-01,27941.509765625,8638.0,19555.72265625,2126.14990234375,4801.27001953125,6.784525,1.8339999914169312,66.78140258789062,1271.5,48.29999923706055,14.649999618530272
2016-11-01,26652.810546875,8224.5,18627.583984375,2198.81005859375,4810.81005859375,6.613,2.368000030517578,68.60800170898438,1170.800048828125,50.470001220703125,16.850000381469727
2016-12-01,26626.4609375,8185.7998046875,18176.98828125,2238.830078125,4863.6201171875,6.52812,2.446000099182129,67.93299865722656,1150.0,56.130001068115234,15.470000267028809
2017-01-01,27655.9609375,8561.2998046875,19514.923828125,2278.8701171875,5116.77001953125,6.7918,2.450999975204468,67.82099914550781,1208.5999755859375,55.70000076293945,16.829999923706055
2017-02-01,28743.3203125,8879.599609375,20607.009765625,2363.639892578125,5330.31005859375,6.9794,2.3580000400543213,66.69319915771484,1252.5999755859375,55.59000015258789,13.789999961853027
2017-03-01,29620.5,9173.75,21443.900390625,2362.719970703125,5436.22998046875,7.11756,2.3959999084472656,64.79000091552734,1247.300048828125,52.83000183105469,12.420000076293944
2017-04-01,29918.400390625,9304.0498046875,22357.990234375,2384.199951171875,5583.52978515625,7.16485,2.282000064849853,64.05999755859375,1266.0999755859375,51.72999954223633,10.859999656677246
2017-05-01,31145.80078125,9621.25,23424.529296875,2411.800048828125,5788.7998046875,7.1144,2.196000099182129,64.61859893798828,1272.0,50.310001373291016,11.760000228881836
2017-06-01,30921.609375,9520.900390625,23210.9296875,2423.409912109375,5646.919921875,6.58302,2.302000045776367,64.78510284423828,1240.699951171875,47.91999816894531,11.729999542236328
2017-07-01,32514.939453125,10077.099609375,25103.359375,2470.300048828125,5880.330078125,6.54905,2.2920000553131104,64.12349700927734,1266.5999755859375,52.650001525878906,11.899999618530272
2017-08-01,31730.490234375,9917.900390625,24318.1171875,2471.64990234375,5988.60009765625,6.6025,2.121000051498413,63.976200103759766,1316.199951171875,52.380001068115234,11.949999809265137
2017-09-01,31283.720703125,9788.599609375,24052.720703125,2519.360107421875,5979.2998046875,6.72384,2.325999975204468,65.36000061035156,1281.5,57.540000915527344,12.489999771118164
2017-10-01,33213.12890625,10335.2998046875,25019.05859375,2575.260009765625,6248.56005859375,6.94395,2.375999927520752,64.84239959716797,1267.0,61.369998931884766,12.4399995803833
2017-11-01,33149.3515625,10226.5498046875,25332.10546875,2647.580078125,6365.56005859375,7.16575,2.4170000553131104,64.41480255126953,1273.199951171875,63.56999969482422,13.550000190734863
2017-12-01,34056.828125,10530.7001953125,25539.15234375,2673.610107421875,6396.419921875,7.35076,2.4049999713897705,64.06199645996094,1306.300048828125,66.5999984741211,12.670000076293944
2018-01-01,35965.01953125,11027.7001953125,27379.130859375,2823.81005859375,6949.990234375,7.219725,2.720000028610229,63.769901275634766,1339.0,69.05000305175781,15.93000030517578
2018-02-01,34184.0390625,10492.849609375,25107.109375,2713.830078125,6854.419921875,7.571275,2.868000030517578,64.91000366210938,1315.5,65.77999877929688,13.8100004196167
2018-03-01,32968.6796875,10113.7001953125,24263.068359375,2640.8701171875,6581.1298828125,7.60806,2.740999937057495,65.02999877929688,1322.800048828125,70.2699966430664,15.760000228881836
2018-04-01,35160.359375,10739.349609375,25531.302734375,2648.050048828125,6605.56982421875,7.547875,2.936000108718872,66.61000061035156,1316.199951171875,75.16999816894531,12.359999656677246
2018-05-01,35322.37890625,10736.150390625,26955.88671875,2705.27001953125,6967.72998046875,7.846075,2.822000026702881,67.43000030517578,1300.0999755859375,77.58999633789062,13.220000267028809
2018-06-01,35423.48046875,10714.2998046875,26363.892578125,2718.3701171875,7040.7998046875,7.93574,2.8489999771118164,68.79669952392578,1251.300048828125,79.44000244140625,12.9399995803833
2018-07-01,37606.578125,11356.5,27763.828125,2816.2900390625,7231.97998046875,7.800625,2.96399998664856,68.68499755859375,1223.699951171875,74.25,12.479999542236328
2018-08-01,38645.0703125,11680.5,28061.423828125,2901.52001953125,7654.5498046875,7.82458,2.8529999256134038,71.40499877929688,1200.300048828125,77.41999816894531,12.600000381469728
2018-09-01,36227.140625,10930.4501953125,25119.55859375,2913.97998046875,7627.64990234375,8.019075,3.055999994277954,72.94999694824219,1191.5,82.72000122070312,17.0
2018-10-01,34442.05078125,10386.599609375,25152.95703125,2711.739990234375,6967.10009765625,7.92485,3.1589999198913574,73.6500015258789,1212.300048828125,75.47000122070312,19.799999237060547
2018-11-01,36194.30078125,10876.75,26862.63671875,2760.169921875,6949.009765625,7.78462,3.013000011444092,69.91999816894531,1220.199951171875,58.709999084472656,19.15999984741211
2018-12-01,36068.328125,10862.5498046875,27159.8828125,2506.85009765625,6329.97021484375,7.37335,2.686000108718872,69.92250061035156,1278.300048828125,53.79999923706055,16.0
2019-01-01,36256.69140625,10830.9501953125,27295.1328125,2704.10009765625,6906.83984375,7.34735,2.634999990463257,71.12000274658203,1319.699951171875,61.88999938964844,17.1200008392334
2019-02-01,35867.44140625,10792.5,26789.58984375,2784.489990234375,7097.52978515625,7.4312,2.7109999656677246,71.19000244140625,1312.800048828125,66.02999877929688,18.280000686645508
2019-03-01,38545.71875,11570.0,30420.197265625,2834.39990234375,7378.77001953125,7.41366,2.4140000343322754,69.5,1293.0,68.38999938964844,16.649999618530273
2019-04-01,39031.55078125,11748.150390625,29764.455078125,2945.830078125,7781.4599609375,7.421075,2.509000062942505,69.81179809570312,1282.800048828125,72.80000305175781,21.82999992370605
2019-05-01,39714.19921875,11922.7998046875,31375.03515625,2752.06005859375,7127.9599609375,7.3271,2.1419999599456787,69.9800033569336,1305.800048828125,64.48999786376953,16.06999969482422
2019-06-01,39394.640625,11788.849609375,31104.837890625,2941.760009765625,7671.080078125,6.96805,2.0,69.32499694824219,1409.699951171875,66.55000305175781,14.949999809265137
2019-07-01,37481.12109375,11118.0,28875.6640625,2980.3798828125,7848.77978515625,6.597725,2.0209999084472656,69.07749938964844,1426.0999755859375,65.16999816894531,13.59000015258789
2019-08-01,37332.7890625,11023.25,27427.53125,2926.4599609375,7691.0,6.61912,1.50600004196167,71.6801986694336,1519.0999755859375,60.43000030517578,16.280000686645508
2019-09-01,38667.328125,11474.4501953125,29102.8125,2976.739990234375,7749.4501953125,6.81335,1.6749999523162842,70.49870300292969,1465.699951171875,60.77999877929688,15.869999885559082
2019-10-01,40129.05078125,11877.4501953125,30065.900390625,3037.56005859375,8083.830078125,6.5418,1.690999984741211,70.98999786376953,1511.4000244140625,60.22999954223633,16.280000686645508
2019-11-01,40793.80859375,12056.0498046875,31945.728515625,3140.97998046875,8403.6796875,6.63498,1.7760000228881836,71.54740142822266,1465.5999755859375,62.43000030517578,13.899999618530272
2019-12-01,41253.73828125,12168.4501953125,32161.27734375,3230.780029296875,8733.0703125,6.848575,1.919000029563904,71.31099700927734,1519.5,66.0,11.670000076293944
2020-01-01,40723.48828125,11962.099609375,30833.2421875,3225.52001953125,8991.509765625,6.8218,1.5199999809265137,71.63999938964844,1582.9000244140625,58.15999984741211,17.3700008392334
2020-02-01,38297.2890625,11201.75,29146.8125,2954.219970703125,8461.830078125,6.65965,1.1269999742507937,71.93000030517578,1564.0999755859375,50.52000045776367,23.239999771118164
2020-03-01,29468.490234375,8597.75,19143.77734375,2584.590087890625,7813.5,6.701575,0.6980000138282776,75.4000015258789,1583.4000244140625,22.739999771118164,64.41000366210938
2020-04-01,33717.62109375,9859.900390625,21534.25,2912.429931640625,9000.509765625,6.76515,0.621999979019165,75.25849914550781,1684.199951171875,25.270000457763672,33.9900016784668
2020-05-01,32424.099609375,9580.2998046875,19297.025390625,3044.31005859375,9555.5302734375,5.91544,0.6480000019073486,75.95999908447266,1736.9000244140625,35.33000183105469,30.21999931335449
2020-06-01,34915.80078125,10302.099609375,21369.90234375,3100.2900390625,10156.849609375,5.8551,0.652999997138977,75.69999694824219,1793.0,41.150001525878906,29.1200008392334
2020-07-01,37606.890625,11073.4501953125,21639.798828125,3271.1201171875,10905.8798828125,5.81452,0.5360000133514404,74.98999786376953,1962.800048828125,43.29999923706055,24.190000534057617
2020-08-01,38628.2890625,11387.5,23754.07421875,3500.31005859375,12110.7001953125,6.0105,0.6930000185966492,73.12830352783203,1967.5999755859373,45.27999877929688,22.84000015258789
2020-09-01,38067.9296875,11247.5498046875,21451.55078125,3363.0,11418.0595703125,6.024675,0.6769999861717224,73.84500122070312,1887.5,40.95000076293945,19.530000686645508
2020-10-01,39614.0703125,11642.400390625,23900.623046875,3269.9599609375,11052.9501953125,5.94484,0.8600000143051147,74.26399993896484,1877.4000244140625,37.459999084472656,24.75
2020-11-01,44149.71875,12968.9501953125,29608.70703125,3621.6298828125,12268.3203125,5.8952,0.843999981880188,73.94090270996094,1775.699951171875,47.59000015258789,19.81999969482422
2020-12-01,47751.328125,13981.75,31263.6875,3756.070068359375,12888.2802734375,5.8929,0.9169999957084656,73.13400268554688,1893.0999755859373,51.79999923706055,21.100000381469727
2021-01-01,46285.76953125,13634.599609375,30565.14453125,3714.239990234375,12925.3798828125,5.94162,1.093000054359436,72.93879699707031,1847.300048828125,55.880001068115234,25.34000015258789
2021-02-01,49099.98828125,14529.150390625,34803.1953125,3811.14990234375,12909.4404296875,6.1935,1.4600000381469729,73.1509017944336,1728.0999755859375,66.12999725341797,28.13999938964844
2021-03-01,49509.1484375,14690.7001953125,33303.51171875,3972.889892578125,13091.4404296875,6.350775,1.746000051498413,73.44529724121094,1713.800048828125,63.540000915527344,20.649999618530277
2021-04-01,48782.359375,14631.099609375,32781.41796875,4181.169921875,13860.759765625,6.2801,1.63100004196167,74.10579681396484,1767.300048828125,67.25,23.030000686645508
2021-05-01,51937.44140625,15582.7998046875,35526.234375,4204.10986328125,13686.509765625,6.225375,1.5809999704360962,72.39350128173828,1902.5,69.62999725341797,17.399999618530273
2021-06-01,52482.7109375,15721.5,34771.796875,4297.5,14554.7998046875,6.267675,1.4429999589920044,74.28759765625,1770.800048828125,75.12999725341797,13.050000190734863
2021-07-01,52586.83984375,15763.0498046875,34583.94921875,4395.259765625,14959.900390625,6.20842,1.2389999628067017,74.25199890136719,1812.5999755859373,76.33000183105469,12.800000190734863
2021-08-01,57552.390625,17132.19921875,36424.1796875,4522.68017578125,15582.509765625,6.280325,1.3040000200271606,73.41120147705078,1815.0,72.98999786376953,14.520000457763672
2021-09-01,59126.359375,17618.150390625,37424.66796875,4307.5400390625,14689.6201171875,6.1883,1.5290000438690186,74.3219985961914,1755.300048828125,78.5199966430664,18.399999618530277
2021-10-01,59306.9296875,17671.650390625,39115.1484375,4605.3798828125,15850.4697265625,6.35978,1.5570000410079956,74.79720306396484,1783.0,84.37999725341797,17.43000030517578
2021-11-01,57064.87109375,16983.19921875,35694.88671875,4567.0,16135.919921875,6.354375,1.4429999589920044,75.05490112304688,1773.5999755859375,70.56999969482422,21.170000076293945
2021-12-01,58253.8203125,17354.05078125,35481.28515625,4766.18017578125,16320.080078125,6.44032,1.5119999647140503,74.43119812011719,1827.5,77.77999877929688,16.219999313354492
2022-01-01,58014.171875,17339.849609375,37974.91015625,4515.5498046875,14930.0498046875,6.643025,1.781999945640564,75.03900146484375,1795.0,91.20999908447266,21.950000762939453
2022-02-01,56247.28125,16793.900390625,36204.87890625,4373.93994140625,14237.8095703125,6.750475,1.83899998664856,75.06800079345703,1899.4000244140625,100.98999786376952,28.56999969482422
2022-03-01,58568.51171875,17464.75,36373.1796875,4530.41015625,14838.490234375,6.819825,2.32699990272522,75.82779693603516,1949.199951171875,107.91000366210938,20.559999465942383
2022-04-01,57060.87109375,17102.55078125,36087.73046875,4131.93017578125,12854.7998046875,7.1058,2.88700008392334,76.58899688720703,1909.300048828125,109.33999633789062,19.420000076293945
2022-05-01,55566.41015625,16584.55078125,35486.984375,4132.14990234375,12642.099609375,7.38565,2.844000101089477,77.5208969116211,1842.699951171875,122.83999633789062,20.479999542236328
2022-06-01,53018.94140625,15780.25,33424.71484375,3785.3798828125,11503.7197265625,7.529625,2.9719998836517334,78.89830017089844,1804.0999755859373,114.80999755859376,21.84000015258789
2022-07-01,57570.25,17158.25,37490.9609375,4130.2900390625,12947.9697265625,7.40206,2.6419999599456787,79.57150268554688,1762.9000244140625,110.01000213623048,16.549999237060547
2022-08-01,59537.0703125,17759.30078125,39536.2890625,3955.0,12272.0302734375,7.27475,3.132999897003174,79.68229675292969,1712.800048828125,96.48999786376952,18.700000762939453
2022-09-01,57426.921875,17094.349609375,38631.5,3585.6201171875,10971.2197265625,7.280374,3.803999900817871,81.48059844970703,1662.4000244140625,87.95999908447266,19.96999931335449
2022-10-01,60746.58984375,18012.19921875,41307.41796875,3871.97998046875,11405.5703125,7.464925,4.077000141143799,82.23919677734375,1635.9000244140625,94.83000183105467,15.800000190734863
2022-11-01,63099.6484375,18758.349609375,43230.49609375,4080.110107421875,12030.0595703125,7.357575,3.703000068664551,81.63089752197266,1746.0,85.43000030517578,13.8100004196167
2022-12-01,60840.73828125,18105.30078125,42985.94921875,3839.5,10939.759765625,7.29416,3.878999948501587,82.83509826660156,1819.699951171875,85.91000366210938,14.869999885559082
2023-01-01,59549.8984375,17662.150390625,40655.05078125,4076.60009765625,12101.9296875,7.39,3.5290000438690186,81.57990264892578,1929.5,84.48999786376953,16.8799991607666
2023-02-01,58962.12109375,17303.94921875,40269.05078125,3970.14990234375,12042.1201171875,7.334525,3.9159998893737793,82.6520004272461,1828.9000244140625,83.88999938964844,14.020000457763672
2023-03-01,58991.51953125,17359.75,40608.6484375,4109.31005859375,13181.349609375,7.36,3.49399995803833,82.10050201416016,1969.0,79.7699966430664,12.9399995803833
2023-04-01,61112.44140625,18065.0,43233.8984375,4169.47998046875,13245.990234375,7.18,3.45199990272522,81.76509857177734,1990.0999755859373,79.54000091552734,10.949999809265137
2023-05-01,62622.23828125,18534.400390625,44128.1484375,4179.830078125,14254.08984375,7.0125,3.63700008392334,82.68389892578125,1963.9000244140625,72.66000366210938,11.970000267028809
2023-06-01,64718.55859375,19189.05078125,44747.3515625,4450.3798828125,15179.2099609375,7.054,3.819000005722046,82.07540130615234,1921.0999755859373,74.9000015258789,10.800000190734863
2023-07-01,66527.671875,19753.80078125,45651.1015625,4588.9599609375,15757.0,7.1125,3.9590001106262207,82.25279998779297,1970.5,85.55999755859375,10.40999984741211
2023-08-01,64831.41015625,19253.80078125,43989.1484375,4507.66015625,15501.0703125,7.185,4.0929999351501465,82.70040130615234,1938.199951171875,86.86000061035156,12.0600004196167
2023-09-01,65828.40625,19638.30078125,44584.55078125,4288.0498046875,14715.240234375,7.172,4.572999954223633,83.19300079345703,1848.0999755859373,95.30999755859376,11.449999809265137
2023-10-01,63874.9296875,19079.599609375,42845.94921875,4193.7998046875,14409.7802734375,7.35,4.875,83.29650115966797,1985.199951171875,87.41000366210938,11.829999923706056
2023-11-01,66988.4375,20133.150390625,44481.75,4567.7998046875,15947.8701171875,7.27,4.352000236511231,83.3302993774414,2038.0999755859373,82.83000183105469,12.6899995803833
2023-12-01,72240.2578125,21731.400390625,48292.25,4769.830078125,16825.9296875,7.224,3.865999937057495,82.302001953125,2062.39990234375,77.04000091552734,14.5
2024-01-01,71752.109375,21725.69921875,45996.80078125,4845.64990234375,17137.240234375,7.2025,3.9670000076293945,83.10970306396484,2048.39990234375,81.70999908447266,16.049999237060547
2024-02-01,72500.296875,21982.80078125,46120.8984375,5096.27001953125,18043.849609375,7.09,4.251999855041504,82.91190338134766,2045.699951171875,83.62000274658203,15.56999969482422
2024-03-01,73651.3515625,22326.900390625,47124.6015625,5254.35009765625,18254.689453125,7.068,4.205999851226807,83.39299774169922,2217.39990234375,87.4800033569336,12.829999923706056
2024-04-01,74482.78125,22604.849609375,49396.75,5035.68994140625,17440.689453125,7.15,4.685999870300293,83.45110321044922,2291.39990234375,87.86000061035156,12.869999885559082
2024-05-01,73961.3125,22530.69921875,48983.94921875,5277.509765625,18536.650390625,7.054,4.513999938964844,83.3208999633789,2322.89990234375,81.62000274658203,24.600000381469727
2024-06-01,79032.7265625,24010.599609375,52342.25,5460.47998046875,19682.869140625,7.0225,4.3429999351501465,83.45089721679688,2327.699951171875,86.41000366210938,13.800000190734863
2024-07-01,81741.34375,24951.150390625,51553.3984375,5522.2998046875,19362.4296875,7.0075,4.109000205993652,83.73899841308594,2426.5,80.72000122070312,13.25
2024-08-01,82365.7734375,25235.900390625,51351.0,5648.39990234375,19574.640625,6.91,3.91100001335144,83.89510345458984,2493.800048828125,78.80000305175781,13.390000343322754
2024-09-01,84299.78125,25810.849609375,52978.1015625,5762.47998046875,20060.689453125,6.8325,3.802000045776367,83.71640014648438,2636.10009765625,71.7699966430664,12.789999961853027
2024-10-01,79389.0625,24205.349609375,51475.3515625,5705.4501953125,19890.419921875,6.785,4.283999919891357,84.08910369873047,2738.300048828125,73.16000366210938,15.550000190734863
2024-11-01,79802.7890625,24131.099609375,52055.6015625,6032.3798828125,20930.369140625,6.812,4.177999973297119,84.47160339355469,2657.0,72.94000244140625,14.43000030517578
2024-12-01,78139.0078125,23644.80078125,50860.19921875,5881.6298828125,21012.169921875,6.7775,4.572999954223633,85.7865982055664,2629.199951171875,74.63999938964844,14.449999809265137
2025-01-01,77500.5703125,23508.400390625,49587.19921875,6040.52978515625,21478.05078125,6.758,4.568999767303467,86.64700317382812,2812.5,76.76000213623047,16.25
2025-02-01,73198.1015625,22124.69921875,48344.69921875,5954.5,20884.41015625,6.7325,4.230999946594238,87.3270034790039,2836.800048828125,73.18000030517578,13.90999984741211
2025-03-01,77414.921875,23519.349609375,51564.8515625,5611.85009765625,19278.44921875,6.6825,4.245999813079834,85.53880310058594,3122.800048828125,74.73999786376953,12.720000267028809
2025-04-01,80242.2421875,24334.19921875,55087.1484375,5569.06005859375,19571.01953125,6.455,4.177000045776367,85.1707992553711,3305.0,63.119998931884766,18.21999931335449
2025-05-01,81451.0078125,24750.69921875,55749.69921875,5911.68994140625,21340.990234375,6.272,4.415999889373779,85.36129760742188,3288.89990234375,63.900001525878906,16.079999923706055
2025-06-01,83606.4609375,25517.05078125,57312.75,6204.9501953125,22679.009765625,6.3075,4.230000019073486,85.4552993774414,3294.39990234375,67.61000061035156,12.789999961853027
2025-07-01,81185.578125,24768.349609375,55961.94921875,6339.39013671875,23218.119140625,6.35,4.360000133514404,87.714599609375,3293.199951171875,72.52999877929688,11.539999961853027
2025-08-01,79809.6484375,24426.849609375,53655.6484375,6460.259765625,23415.419921875,6.522,4.227000236511231,87.5916976928711,3473.699951171875,68.12000274658203,11.75
2025-09-01,80267.6171875,24611.099609375,54635.8515625,6688.4599609375,24679.990234375,6.585,4.1479997634887695,88.70449829101562,3840.800048828125,67.0199966430664,11.06999969482422
2025-10-01,83938.7109375,25722.099609375,57776.3515625,6840.2001953125,25858.130859375,6.482,4.10099983215332,88.6344985961914,3982.199951171875,65.06999969482422,12.149999618530272
2025-11-01,85706.671875,26202.94921875,59752.69921875,6849.08984375,25434.890625,6.5375,4.017000198364258,89.36479949951172,4218.2998046875,63.20000076293945,11.619999885559082
2025-12-01,85220.6015625,26129.599609375,59581.8515625,6845.5,25249.849609375,6.6325,4.163000106811523,89.76940155029297,4325.60009765625,60.84999847412109,9.479999542236328
2026-01-01,82269.78125,25320.650390625,59610.44921875,6939.02978515625,25552.390625,6.732,4.241000175476074,91.78189849853516,4713.89990234375,70.69000244140625,13.630000114440918
2026-02-01,81287.1875,25178.650390625,60529.0,6878.8798828125,24960.0390625,6.77,3.961999893188477,91.00740051269533,5230.5,72.4800033569336,13.699999809265137
2026-03-01,71947.546875,22331.400390625,50275.3515625,6528.52001953125,23740.189453125,6.84,4.310999870300293,94.35590362548828,4647.60009765625,118.3499984741211,27.88999938964844
2026-04-01,76913.5,23997.55078125,54863.3515625,7209.009765625,27452.119140625,7.05,4.389999866485596,94.9166030883789,4614.7001953125,114.01000213623048,18.459999084472656
2026-05-01,74775.7421875,23547.75,54239.19921875,7580.06005859375,30333.1796875,7.02,4.453000068664551,96.04820251464844,4560.5,92.0500030517578,16.190000534057617
2026-06-01,76478.671875,23865.75,57542.8984375,7499.35986328125,30276.349609375,,4.418000221252441,94.79049682617188,4022.89990234375,72.91999816894531,13.600000381469728
2026-07-01,76059.7734375,23767.44921875,56693.5,7411.97998046875,28128.33984375,,4.678999900817871,96.55999755859376,4067.60009765625,96.77999877929688,14.029999732971191
